dataset,metric,posicao,basis,mean,std,n_folds_paired,friedman_statistic,friedman_p,friedman_significant,kendalls_w
diabetes,f1,1,attention,0.5945398672262652,0.08464901269852951,30,17.369316249007785,0.6288785670638256,False,0.028948860415012975
diabetes,f1,2,rational_quadratic,0.5943271158363909,0.08653234529638489,30,17.369316249007785,0.6288785670638256,False,0.028948860415012975
diabetes,f1,3,sigmoidal,0.5938858212781015,0.08454694249566096,30,17.369316249007785,0.6288785670638256,False,0.028948860415012975
diabetes,f1,4,harmonic,0.591967169885766,0.08576576459852185,30,17.369316249007785,0.6288785670638256,False,0.028948860415012975
diabetes,f1,5,quartic_spline,0.590289535581772,0.08651103597869274,30,17.369316249007785,0.6288785670638256,False,0.028948860415012975
diabetes,f1,6,shepard,0.5872641241489799,0.08222947892733594,30,17.369316249007785,0.6288785670638256,False,0.028948860415012975
diabetes,f1,7,cauchy,0.5872323704555552,0.08411950830656265,30,17.369316249007785,0.6288785670638256,False,0.028948860415012975
diabetes,f1,8,gen_exponential,0.5869563620364044,0.08212060806960346,30,17.369316249007785,0.6288785670638256,False,0.028948860415012975
diabetes,f1,9,inverse_multiquadratic,0.5857269467630961,0.09255211173744866,30,17.369316249007785,0.6288785670638256,False,0.028948860415012975
diabetes,f1,10,student_t,0.5857269467630961,0.09255211173744866,30,17.369316249007785,0.6288785670638256,False,0.028948860415012975
diabetes,f1,11,logarithmic,0.5852008796056097,0.0744926899007014,30,17.369316249007785,0.6288785670638256,False,0.028948860415012975
diabetes,f1,12,lorentzian,0.5849690658585001,0.08402377347372142,30,17.369316249007785,0.6288785670638256,False,0.028948860415012975
diabetes,f1,13,cosine,0.5847171111958137,0.07705791095530844,30,17.369316249007785,0.6288785670638256,False,0.028948860415012975
diabetes,f1,14,laplacian,0.5846880791722626,0.07885880629553256,30,17.369316249007785,0.6288785670638256,False,0.028948860415012975
diabetes,f1,15,softmax_radial,0.5846880791722626,0.07885880629553256,30,17.369316249007785,0.6288785670638256,False,0.028948860415012975
diabetes,f1,16,wendland_c2,0.5846051026568216,0.07191098668462641,30,17.369316249007785,0.6288785670638256,False,0.028948860415012975
diabetes,f1,17,cubic_spline,0.5841345083990205,0.0848861684384899,30,17.369316249007785,0.6288785670638256,False,0.028948860415012975
diabetes,f1,18,radial,0.5782414789378407,0.0865560771310971,30,17.369316249007785,0.6288785670638256,False,0.028948860415012975
diabetes,f1,19,entropic,0.5772564220277882,0.08893350460222034,30,17.369316249007785,0.6288785670638256,False,0.028948860415012975
diabetes,f1,20,rbf_gaussian,0.5720016113799391,0.07690608504786861,30,17.369316249007785,0.6288785670638256,False,0.028948860415012975
diabetes,f1,21,multiquadratic,0.5616584079169197,0.10999858695468473,30,17.369316249007785,0.6288785670638256,False,0.028948860415012975
fetal_health,f1,1,sigmoidal,0.5077481366033653,0.06970510729311911,30,150.91567328918325,4.1971717428481857e-22,True,0.25152612214863873
fetal_health,f1,2,radial,0.5034305995681747,0.07070648271920177,30,150.91567328918325,4.1971717428481857e-22,True,0.25152612214863873
fetal_health,f1,3,lorentzian,0.5024585346379419,0.07125284743665398,30,150.91567328918325,4.1971717428481857e-22,True,0.25152612214863873
fetal_health,f1,4,laplacian,0.5021852022768081,0.0710548594199954,30,150.91567328918325,4.1971717428481857e-22,True,0.25152612214863873
fetal_health,f1,5,softmax_radial,0.5021852022768081,0.0710548594199954,30,150.91567328918325,4.1971717428481857e-22,True,0.25152612214863873
fetal_health,f1,6,rational_quadratic,0.5015586719868871,0.07049979102613849,30,150.91567328918325,4.1971717428481857e-22,True,0.25152612214863873
fetal_health,f1,7,shepard,0.4956751708435271,0.07443465167726236,30,150.91567328918325,4.1971717428481857e-22,True,0.25152612214863873
fetal_health,f1,8,attention,0.4925595098428485,0.07323357687514426,30,150.91567328918325,4.1971717428481857e-22,True,0.25152612214863873
fetal_health,f1,9,entropic,0.4917582842772075,0.07493665186681872,30,150.91567328918325,4.1971717428481857e-22,True,0.25152612214863873
fetal_health,f1,10,rbf_gaussian,0.4917582842772075,0.07493665186681872,30,150.91567328918325,4.1971717428481857e-22,True,0.25152612214863873
fetal_health,f1,11,gen_exponential,0.48954367010364985,0.07084787791240639,30,150.91567328918325,4.1971717428481857e-22,True,0.25152612214863873
fetal_health,f1,12,cauchy,0.48848884627420674,0.07427585033006924,30,150.91567328918325,4.1971717428481857e-22,True,0.25152612214863873
fetal_health,f1,13,harmonic,0.4869611211518825,0.07181017329673874,30,150.91567328918325,4.1971717428481857e-22,True,0.25152612214863873
fetal_health,f1,14,student_t,0.4847709073541891,0.07592685987529674,30,150.91567328918325,4.1971717428481857e-22,True,0.25152612214863873
fetal_health,f1,15,inverse_multiquadratic,0.4843343912054181,0.07565213017025008,30,150.91567328918325,4.1971717428481857e-22,True,0.25152612214863873
fetal_health,f1,16,logarithmic,0.4817681290152483,0.07828291478390423,30,150.91567328918325,4.1971717428481857e-22,True,0.25152612214863873
fetal_health,f1,17,multiquadratic,0.47320345071292286,0.07526695223804256,30,150.91567328918325,4.1971717428481857e-22,True,0.25152612214863873
fetal_health,f1,18,cosine,0.42147618233285455,0.02301715005404089,30,150.91567328918325,4.1971717428481857e-22,True,0.25152612214863873
fetal_health,f1,19,wendland_c2,0.4209076201772307,0.02288994503164735,30,150.91567328918325,4.1971717428481857e-22,True,0.25152612214863873
fetal_health,f1,20,cubic_spline,0.41990370456774107,0.02275753417719142,30,150.91567328918325,4.1971717428481857e-22,True,0.25152612214863873
fetal_health,f1,21,quartic_spline,0.4186248887819276,0.02344133370506444,30,150.91567328918325,4.1971717428481857e-22,True,0.25152612214863873
iris,f1,1,cauchy,0.9638800705467373,0.04842093447905052,30,19.621621621621347,0.48181149311123384,False,0.032702702702702244
iris,f1,2,rational_quadratic,0.9638800705467373,0.04842093447905052,30,19.621621621621347,0.48181149311123384,False,0.032702702702702244
iris,f1,3,shepard,0.9607054673721341,0.04908858461354675,30,19.621621621621347,0.48181149311123384,False,0.032702702702702244
iris,f1,4,inverse_multiquadratic,0.9571340388007055,0.06673481410405802,30,19.621621621621347,0.48181149311123384,False,0.032702702702702244
iris,f1,5,student_t,0.9571340388007055,0.06673481410405802,30,19.621621621621347,0.48181149311123384,False,0.032702702702702244
iris,f1,6,cosine,0.9539594356261023,0.06689042342320785,30,19.621621621621347,0.48181149311123384,False,0.032702702702702244
iris,f1,7,cubic_spline,0.9539594356261023,0.06689042342320785,30,19.621621621621347,0.48181149311123384,False,0.032702702702702244
iris,f1,8,logarithmic,0.9539594356261023,0.06689042342320785,30,19.621621621621347,0.48181149311123384,False,0.032702702702702244
iris,f1,9,quartic_spline,0.9539594356261023,0.06689042342320785,30,19.621621621621347,0.48181149311123384,False,0.032702702702702244
iris,f1,10,radial,0.9539594356261023,0.06689042342320785,30,19.621621621621347,0.48181149311123384,False,0.032702702702702244
iris,f1,11,wendland_c2,0.9539594356261023,0.06689042342320785,30,19.621621621621347,0.48181149311123384,False,0.032702702702702244
iris,f1,12,attention,0.9533245149911818,0.06746146878373793,30,19.621621621621347,0.48181149311123384,False,0.032702702702702244
iris,f1,13,harmonic,0.9533245149911818,0.06746146878373793,30,19.621621621621347,0.48181149311123384,False,0.032702702702702244
iris,f1,14,lorentzian,0.9533245149911818,0.06746146878373793,30,19.621621621621347,0.48181149311123384,False,0.032702702702702244
iris,f1,15,sigmoidal,0.9525749559082893,0.06030953502531038,30,19.621621621621347,0.48181149311123384,False,0.032702702702702244
iris,f1,16,entropic,0.9522927689594357,0.06056024962871549,30,19.621621621621347,0.48181149311123384,False,0.032702702702702244
iris,f1,17,gen_exponential,0.9509347442680777,0.0714817905132996,30,19.621621621621347,0.48181149311123384,False,0.032702702702702244
iris,f1,18,laplacian,0.9509347442680777,0.0714817905132996,30,19.621621621621347,0.48181149311123384,False,0.032702702702702244
iris,f1,19,softmax_radial,0.9509347442680777,0.0714817905132996,30,19.621621621621347,0.48181149311123384,False,0.032702702702702244
iris,f1,20,rbf_gaussian,0.9471252204585539,0.07182130113833496,30,19.621621621621347,0.48181149311123384,False,0.032702702702702244
iris,f1,21,multiquadratic,0.9464109347442681,0.06764352537811455,30,19.621621621621347,0.48181149311123384,False,0.032702702702702244
letter,f1,1,rbf_gaussian,0.9497950211567583,0.005236687979572778,30,252.17181697756732,4.165850019995997e-42,True,0.42028636162927885
letter,f1,2,entropic,0.9494872248315607,0.006247622519789461,30,252.17181697756732,4.165850019995997e-42,True,0.42028636162927885
letter,f1,3,sigmoidal,0.9494622444184014,0.0049296702650098835,30,252.17181697756732,4.165850019995997e-42,True,0.42028636162927885
letter,f1,4,gen_exponential,0.9493879555065121,0.00638498238366561,30,252.17181697756732,4.165850019995997e-42,True,0.42028636162927885
letter,f1,5,radial,0.9492852041067362,0.006231516819009949,30,252.17181697756732,4.165850019995997e-42,True,0.42028636162927885
letter,f1,6,laplacian,0.9492136394405074,0.005623467078244815,30,252.17181697756732,4.165850019995997e-42,True,0.42028636162927885
letter,f1,7,softmax_radial,0.9492136394405074,0.005623467078244815,30,252.17181697756732,4.165850019995997e-42,True,0.42028636162927885
letter,f1,8,shepard,0.9489324539721633,0.006311703985657029,30,252.17181697756732,4.165850019995997e-42,True,0.42028636162927885
letter,f1,9,quartic_spline,0.9488732136238216,0.006524646121550966,30,252.17181697756732,4.165850019995997e-42,True,0.42028636162927885
letter,f1,10,cubic_spline,0.9486957323913927,0.006600170435139017,30,252.17181697756732,4.165850019995997e-42,True,0.42028636162927885
letter,f1,11,wendland_c2,0.9485760385728608,0.006828696495845479,30,252.17181697756732,4.165850019995997e-42,True,0.42028636162927885
letter,f1,12,lorentzian,0.9475902668455147,0.006747575947962751,30,252.17181697756732,4.165850019995997e-42,True,0.42028636162927885
letter,f1,13,rational_quadratic,0.9470272983799699,0.005369709621473176,30,252.17181697756732,4.165850019995997e-42,True,0.42028636162927885
letter,f1,14,cauchy,0.9468947852053342,0.006966177402060499,30,252.17181697756732,4.165850019995997e-42,True,0.42028636162927885
letter,f1,15,student_t,0.9458004112110261,0.0069893809072446005,30,252.17181697756732,4.165850019995997e-42,True,0.42028636162927885
letter,f1,16,inverse_multiquadratic,0.945589638989998,0.0071664757891182086,30,252.17181697756732,4.165850019995997e-42,True,0.42028636162927885
letter,f1,17,cosine,0.9455649373230217,0.007346234090517382,30,252.17181697756732,4.165850019995997e-42,True,0.42028636162927885
letter,f1,18,logarithmic,0.9455356012167992,0.007104956724137622,30,252.17181697756732,4.165850019995997e-42,True,0.42028636162927885
letter,f1,19,attention,0.9439337889166391,0.006943227530107346,30,252.17181697756732,4.165850019995997e-42,True,0.42028636162927885
letter,f1,20,harmonic,0.9425628691776182,0.006729690860203591,30,252.17181697756732,4.165850019995997e-42,True,0.42028636162927885
letter,f1,21,multiquadratic,0.9304051071226278,0.0067197871927124125,30,252.17181697756732,4.165850019995997e-42,True,0.42028636162927885
magic_telescope,f1,1,gen_exponential,0.74205793547915,0.018063399944721694,30,62.638496018103496,2.7600715616531964e-06,True,0.10439749336350583
magic_telescope,f1,2,shepard,0.7419259337403391,0.016380819681668376,30,62.638496018103496,2.7600715616531964e-06,True,0.10439749336350583
magic_telescope,f1,3,rbf_gaussian,0.741557573115399,0.01436090858535606,30,62.638496018103496,2.7600715616531964e-06,True,0.10439749336350583
magic_telescope,f1,4,rational_quadratic,0.7412643346700487,0.017329539953618054,30,62.638496018103496,2.7600715616531964e-06,True,0.10439749336350583
magic_telescope,f1,5,cosine,0.7411986093743052,0.014345000409262761,30,62.638496018103496,2.7600715616531964e-06,True,0.10439749336350583
magic_telescope,f1,6,radial,0.7408709616940867,0.01645748335863762,30,62.638496018103496,2.7600715616531964e-06,True,0.10439749336350583
magic_telescope,f1,7,quartic_spline,0.7407836693701569,0.013419068261849076,30,62.638496018103496,2.7600715616531964e-06,True,0.10439749336350583
magic_telescope,f1,8,inverse_multiquadratic,0.7403168648576759,0.012239296613258527,30,62.638496018103496,2.7600715616531964e-06,True,0.10439749336350583
magic_telescope,f1,9,student_t,0.7403168648576759,0.012239296613258527,30,62.638496018103496,2.7600715616531964e-06,True,0.10439749336350583
magic_telescope,f1,10,cubic_spline,0.7400636905278226,0.017529984991673058,30,62.638496018103496,2.7600715616531964e-06,True,0.10439749336350583
magic_telescope,f1,11,entropic,0.740055635558418,0.016229582204211647,30,62.638496018103496,2.7600715616531964e-06,True,0.10439749336350583
magic_telescope,f1,12,logarithmic,0.7399241592546636,0.012255933141983,30,62.638496018103496,2.7600715616531964e-06,True,0.10439749336350583
magic_telescope,f1,13,laplacian,0.7395776269479293,0.012437792124193279,30,62.638496018103496,2.7600715616531964e-06,True,0.10439749336350583
magic_telescope,f1,14,softmax_radial,0.7395776269479293,0.012437792124193279,30,62.638496018103496,2.7600715616531964e-06,True,0.10439749336350583
magic_telescope,f1,15,wendland_c2,0.7391246083360455,0.017075725356256493,30,62.638496018103496,2.7600715616531964e-06,True,0.10439749336350583
magic_telescope,f1,16,cauchy,0.7390011393670449,0.015299183761641322,30,62.638496018103496,2.7600715616531964e-06,True,0.10439749336350583
magic_telescope,f1,17,attention,0.7386958727396945,0.014954587623992493,30,62.638496018103496,2.7600715616531964e-06,True,0.10439749336350583
magic_telescope,f1,18,lorentzian,0.7385638979646997,0.013941012730942169,30,62.638496018103496,2.7600715616531964e-06,True,0.10439749336350583
magic_telescope,f1,19,sigmoidal,0.738555434370945,0.014931853285913585,30,62.638496018103496,2.7600715616531964e-06,True,0.10439749336350583
magic_telescope,f1,20,harmonic,0.7385532372966729,0.01521384331517898,30,62.638496018103496,2.7600715616531964e-06,True,0.10439749336350583
magic_telescope,f1,21,multiquadratic,0.7330668333294099,0.013123537143074522,30,62.638496018103496,2.7600715616531964e-06,True,0.10439749336350583
page_blocks,f1,1,laplacian,0.6971296405782552,0.056703428103908805,30,193.72178688634375,1.9556030103126183e-30,True,0.3228696448105729
page_blocks,f1,2,softmax_radial,0.6971296405782552,0.056703428103908805,30,193.72178688634375,1.9556030103126183e-30,True,0.3228696448105729
page_blocks,f1,3,gen_exponential,0.6968417190537004,0.05934174053008242,30,193.72178688634375,1.9556030103126183e-30,True,0.3228696448105729
page_blocks,f1,4,rational_quadratic,0.6915853717378198,0.06608581113287264,30,193.72178688634375,1.9556030103126183e-30,True,0.3228696448105729
page_blocks,f1,5,shepard,0.6835906830578666,0.0690750003259023,30,193.72178688634375,1.9556030103126183e-30,True,0.3228696448105729
page_blocks,f1,6,radial,0.6775400708458961,0.06948084668909349,30,193.72178688634375,1.9556030103126183e-30,True,0.3228696448105729
page_blocks,f1,7,cauchy,0.67342782789561,0.06857916743078249,30,193.72178688634375,1.9556030103126183e-30,True,0.3228696448105729
page_blocks,f1,8,rbf_gaussian,0.6705424909641099,0.07530798751492608,30,193.72178688634375,1.9556030103126183e-30,True,0.3228696448105729
page_blocks,f1,9,entropic,0.6578326192985278,0.07986764005751017,30,193.72178688634375,1.9556030103126183e-30,True,0.3228696448105729
page_blocks,f1,10,sigmoidal,0.6547104793276257,0.0679047063092402,30,193.72178688634375,1.9556030103126183e-30,True,0.3228696448105729
page_blocks,f1,11,lorentzian,0.652556192208446,0.07924514711392022,30,193.72178688634375,1.9556030103126183e-30,True,0.3228696448105729
page_blocks,f1,12,inverse_multiquadratic,0.6496862690591217,0.07685129000730816,30,193.72178688634375,1.9556030103126183e-30,True,0.3228696448105729
page_blocks,f1,13,student_t,0.6496862690591217,0.07685129000730816,30,193.72178688634375,1.9556030103126183e-30,True,0.3228696448105729
page_blocks,f1,14,attention,0.64462911820129,0.07813676742538006,30,193.72178688634375,1.9556030103126183e-30,True,0.3228696448105729
page_blocks,f1,15,logarithmic,0.6361951622032159,0.08665604773146666,30,193.72178688634375,1.9556030103126183e-30,True,0.3228696448105729
page_blocks,f1,16,harmonic,0.6348449724669828,0.08241194688698868,30,193.72178688634375,1.9556030103126183e-30,True,0.3228696448105729
page_blocks,f1,17,cubic_spline,0.632035486760584,0.07103085060703092,30,193.72178688634375,1.9556030103126183e-30,True,0.3228696448105729
page_blocks,f1,18,quartic_spline,0.6310590472186937,0.07004977735812955,30,193.72178688634375,1.9556030103126183e-30,True,0.3228696448105729
page_blocks,f1,19,wendland_c2,0.6291692385717123,0.07091768091310316,30,193.72178688634375,1.9556030103126183e-30,True,0.3228696448105729
page_blocks,f1,20,cosine,0.6215867445271136,0.07376595076367527,30,193.72178688634375,1.9556030103126183e-30,True,0.3228696448105729
page_blocks,f1,21,multiquadratic,0.6201400465956536,0.08012345501964664,30,193.72178688634375,1.9556030103126183e-30,True,0.3228696448105729
seeds,f1,1,attention,0.5285050280148319,0.04486202866797523,30,92.8457446808508,2.347505333847584e-11,True,0.154742907801418
seeds,f1,2,lorentzian,0.5285050280148319,0.04486202866797523,30,92.8457446808508,2.347505333847584e-11,True,0.154742907801418
seeds,f1,3,rational_quadratic,0.5285050280148319,0.04486202866797523,30,92.8457446808508,2.347505333847584e-11,True,0.154742907801418
seeds,f1,4,gen_exponential,0.5250845287609993,0.04529414551561672,30,92.8457446808508,2.347505333847584e-11,True,0.154742907801418
seeds,f1,5,harmonic,0.5250845287609993,0.04529414551561672,30,92.8457446808508,2.347505333847584e-11,True,0.154742907801418
seeds,f1,6,sigmoidal,0.5250845287609993,0.04529414551561672,30,92.8457446808508,2.347505333847584e-11,True,0.154742907801418
seeds,f1,7,entropic,0.49646268763915813,0.06249403684545652,30,92.8457446808508,2.347505333847584e-11,True,0.154742907801418
seeds,f1,8,laplacian,0.4951530404961776,0.059877845295607884,30,92.8457446808508,2.347505333847584e-11,True,0.154742907801418
seeds,f1,9,softmax_radial,0.4951530404961776,0.059877845295607884,30,92.8457446808508,2.347505333847584e-11,True,0.154742907801418
seeds,f1,10,cauchy,0.4934029387460759,0.06259654472435325,30,92.8457446808508,2.347505333847584e-11,True,0.154742907801418
seeds,f1,11,cosine,0.4934029387460759,0.06259654472435325,30,92.8457446808508,2.347505333847584e-11,True,0.154742907801418
seeds,f1,12,cubic_spline,0.4934029387460759,0.06259654472435325,30,92.8457446808508,2.347505333847584e-11,True,0.154742907801418
seeds,f1,13,inverse_multiquadratic,0.4934029387460759,0.06259654472435325,30,92.8457446808508,2.347505333847584e-11,True,0.154742907801418
seeds,f1,14,quartic_spline,0.4934029387460759,0.06259654472435325,30,92.8457446808508,2.347505333847584e-11,True,0.154742907801418
seeds,f1,15,radial,0.4934029387460759,0.06259654472435325,30,92.8457446808508,2.347505333847584e-11,True,0.154742907801418
seeds,f1,16,shepard,0.4934029387460759,0.06259654472435325,30,92.8457446808508,2.347505333847584e-11,True,0.154742907801418
seeds,f1,17,student_t,0.4934029387460759,0.06259654472435325,30,92.8457446808508,2.347505333847584e-11,True,0.154742907801418
seeds,f1,18,wendland_c2,0.4934029387460759,0.06259654472435325,30,92.8457446808508,2.347505333847584e-11,True,0.154742907801418
seeds,f1,19,rbf_gaussian,0.4923260835025541,0.06039520244500997,30,92.8457446808508,2.347505333847584e-11,True,0.154742907801418
seeds,f1,20,logarithmic,0.4903521315286021,0.06365161296250184,30,92.8457446808508,2.347505333847584e-11,True,0.154742907801418
seeds,f1,21,multiquadratic,0.4886546006644045,0.06252178082966159,30,92.8457446808508,2.347505333847584e-11,True,0.154742907801418
segment,f1,1,radial,0.95785330976126,0.0176555579407699,30,167.84293659621812,2.2753850938363344e-25,True,0.27973822766036355
segment,f1,2,rbf_gaussian,0.9578490020604694,0.01751044823742977,30,167.84293659621812,2.2753850938363344e-25,True,0.27973822766036355
segment,f1,3,gen_exponential,0.9576299861454795,0.01839270768813636,30,167.84293659621812,2.2753850938363344e-25,True,0.27973822766036355
segment,f1,4,laplacian,0.957624999764443,0.018317732525321484,30,167.84293659621812,2.2753850938363344e-25,True,0.27973822766036355
segment,f1,5,softmax_radial,0.957624999764443,0.018317732525321484,30,167.84293659621812,2.2753850938363344e-25,True,0.27973822766036355
segment,f1,6,entropic,0.9556260091088207,0.019662460483789702,30,167.84293659621812,2.2753850938363344e-25,True,0.27973822766036355
segment,f1,7,shepard,0.9553245816722786,0.020424378699643975,30,167.84293659621812,2.2753850938363344e-25,True,0.27973822766036355
segment,f1,8,cubic_spline,0.954836463125056,0.01571916314629109,30,167.84293659621812,2.2753850938363344e-25,True,0.27973822766036355
segment,f1,9,wendland_c2,0.9542081227079467,0.01624463248480786,30,167.84293659621812,2.2753850938363344e-25,True,0.27973822766036355
segment,f1,10,quartic_spline,0.9536104561923132,0.0173075588267232,30,167.84293659621812,2.2753850938363344e-25,True,0.27973822766036355
segment,f1,11,cosine,0.9529314326291586,0.014955662348341624,30,167.84293659621812,2.2753850938363344e-25,True,0.27973822766036355
segment,f1,12,rational_quadratic,0.9518560055463623,0.02142572320525846,30,167.84293659621812,2.2753850938363344e-25,True,0.27973822766036355
segment,f1,13,cauchy,0.9502913992585672,0.022104124623231625,30,167.84293659621812,2.2753850938363344e-25,True,0.27973822766036355
segment,f1,14,sigmoidal,0.9493441136191205,0.019969120348567782,30,167.84293659621812,2.2753850938363344e-25,True,0.27973822766036355
segment,f1,15,lorentzian,0.9479222259915069,0.01939672585662305,30,167.84293659621812,2.2753850938363344e-25,True,0.27973822766036355
segment,f1,16,inverse_multiquadratic,0.9469073787118046,0.018141567389862247,30,167.84293659621812,2.2753850938363344e-25,True,0.27973822766036355
segment,f1,17,student_t,0.9469073787118046,0.018141567389862247,30,167.84293659621812,2.2753850938363344e-25,True,0.27973822766036355
segment,f1,18,logarithmic,0.9451725613923454,0.019270292038723415,30,167.84293659621812,2.2753850938363344e-25,True,0.27973822766036355
segment,f1,19,attention,0.9451184628337091,0.01919261553820486,30,167.84293659621812,2.2753850938363344e-25,True,0.27973822766036355
segment,f1,20,harmonic,0.9432233407813845,0.02115760500797457,30,167.84293659621812,2.2753850938363344e-25,True,0.27973822766036355
segment,f1,21,multiquadratic,0.9363597805490352,0.018634686586588203,30,167.84293659621812,2.2753850938363344e-25,True,0.27973822766036355
spambase,f1,1,rational_quadratic,0.9084477359327346,0.018923437390691182,30,197.52061041922465,3.4789475223307185e-31,True,0.32920101736537444
spambase,f1,2,laplacian,0.9083374168621958,0.015565908368410911,30,197.52061041922465,3.4789475223307185e-31,True,0.32920101736537444
spambase,f1,3,softmax_radial,0.9083374168621958,0.015565908368410911,30,197.52061041922465,3.4789475223307185e-31,True,0.32920101736537444
spambase,f1,4,sigmoidal,0.9078100499732419,0.01772307698246375,30,197.52061041922465,3.4789475223307185e-31,True,0.32920101736537444
spambase,f1,5,lorentzian,0.9073648163985928,0.01921303865041951,30,197.52061041922465,3.4789475223307185e-31,True,0.32920101736537444
spambase,f1,6,shepard,0.9072748724881898,0.01862155492802789,30,197.52061041922465,3.4789475223307185e-31,True,0.32920101736537444
spambase,f1,7,gen_exponential,0.9068569015228525,0.01746047065860558,30,197.52061041922465,3.4789475223307185e-31,True,0.32920101736537444
spambase,f1,8,cauchy,0.9067550518928116,0.020528470610647002,30,197.52061041922465,3.4789475223307185e-31,True,0.32920101736537444
spambase,f1,9,quartic_spline,0.906222234867624,0.016762442978655277,30,197.52061041922465,3.4789475223307185e-31,True,0.32920101736537444
spambase,f1,10,wendland_c2,0.9058998521137835,0.01690723551656423,30,197.52061041922465,3.4789475223307185e-31,True,0.32920101736537444
spambase,f1,11,cubic_spline,0.9052223923042481,0.017535588070894816,30,197.52061041922465,3.4789475223307185e-31,True,0.32920101736537444
spambase,f1,12,student_t,0.9031508253089382,0.01964988099214991,30,197.52061041922465,3.4789475223307185e-31,True,0.32920101736537444
spambase,f1,13,inverse_multiquadratic,0.9029348880099843,0.02051265442296635,30,197.52061041922465,3.4789475223307185e-31,True,0.32920101736537444
spambase,f1,14,cosine,0.9021491961319794,0.017849438511084576,30,197.52061041922465,3.4789475223307185e-31,True,0.32920101736537444
spambase,f1,15,attention,0.902119647544845,0.020310737731982557,30,197.52061041922465,3.4789475223307185e-31,True,0.32920101736537444
spambase,f1,16,rbf_gaussian,0.9006051180595341,0.01755445197425322,30,197.52061041922465,3.4789475223307185e-31,True,0.32920101736537444
spambase,f1,17,entropic,0.9004056019672727,0.016048665258136478,30,197.52061041922465,3.4789475223307185e-31,True,0.32920101736537444
spambase,f1,18,logarithmic,0.9001448035894614,0.020334382374354747,30,197.52061041922465,3.4789475223307185e-31,True,0.32920101736537444
spambase,f1,19,radial,0.8985448760515271,0.017904285186030353,30,197.52061041922465,3.4789475223307185e-31,True,0.32920101736537444
spambase,f1,20,harmonic,0.8924969366901846,0.019459854775328488,30,197.52061041922465,3.4789475223307185e-31,True,0.32920101736537444
spambase,f1,21,multiquadratic,0.8730544867388069,0.020798258810357368,30,197.52061041922465,3.4789475223307185e-31,True,0.32920101736537444
vertebra_column,f1,1,radial,0.35226387912339935,0.060245472755401035,30,27.394014003231195,0.12453819301193049,False,0.045656690005385324
vertebra_column,f1,2,cosine,0.34196368217266043,0.058402753020406595,30,27.394014003231195,0.12453819301193049,False,0.045656690005385324
vertebra_column,f1,3,attention,0.3406475446065229,0.06036374161440747,30,27.394014003231195,0.12453819301193049,False,0.045656690005385324
vertebra_column,f1,4,cauchy,0.3406475446065229,0.06036374161440747,30,27.394014003231195,0.12453819301193049,False,0.045656690005385324
vertebra_column,f1,5,entropic,0.3406475446065229,0.06036374161440747,30,27.394014003231195,0.12453819301193049,False,0.045656690005385324
vertebra_column,f1,6,harmonic,0.3406475446065229,0.06036374161440747,30,27.394014003231195,0.12453819301193049,False,0.045656690005385324
vertebra_column,f1,7,laplacian,0.3406475446065229,0.06036374161440747,30,27.394014003231195,0.12453819301193049,False,0.045656690005385324
vertebra_column,f1,8,logarithmic,0.3406475446065229,0.06036374161440747,30,27.394014003231195,0.12453819301193049,False,0.045656690005385324
vertebra_column,f1,9,rational_quadratic,0.3406475446065229,0.06036374161440747,30,27.394014003231195,0.12453819301193049,False,0.045656690005385324
vertebra_column,f1,10,rbf_gaussian,0.3406475446065229,0.06036374161440747,30,27.394014003231195,0.12453819301193049,False,0.045656690005385324
vertebra_column,f1,11,sigmoidal,0.3406475446065229,0.06036374161440747,30,27.394014003231195,0.12453819301193049,False,0.045656690005385324
vertebra_column,f1,12,softmax_radial,0.3406475446065229,0.06036374161440747,30,27.394014003231195,0.12453819301193049,False,0.045656690005385324
vertebra_column,f1,13,inverse_multiquadratic,0.3396805437711011,0.06193964282595468,30,27.394014003231195,0.12453819301193049,False,0.045656690005385324
vertebra_column,f1,14,shepard,0.3396805437711011,0.06193964282595468,30,27.394014003231195,0.12453819301193049,False,0.045656690005385324
vertebra_column,f1,15,student_t,0.3396805437711011,0.06193964282595468,30,27.394014003231195,0.12453819301193049,False,0.045656690005385324
vertebra_column,f1,16,cubic_spline,0.3392903321308894,0.06480577991389001,30,27.394014003231195,0.12453819301193049,False,0.045656690005385324
vertebra_column,f1,17,wendland_c2,0.3392903321308894,0.06480577991389001,30,27.394014003231195,0.12453819301193049,False,0.045656690005385324
vertebra_column,f1,18,lorentzian,0.33827181361237085,0.06603837374923799,30,27.394014003231195,0.12453819301193049,False,0.045656690005385324
vertebra_column,f1,19,quartic_spline,0.33816460113673735,0.06623855177685617,30,27.394014003231195,0.12453819301193049,False,0.045656690005385324
vertebra_column,f1,20,gen_exponential,0.33741958090642293,0.06465525721709323,30,27.394014003231195,0.12453819301193049,False,0.045656690005385324
vertebra_column,f1,21,multiquadratic,0.3294064026358919,0.05264324092525975,30,27.394014003231195,0.12453819301193049,False,0.045656690005385324
wine,f1,1,gen_exponential,0.5627282285615618,0.041080690026041755,30,163.68746800688726,1.4544630727402072e-24,True,0.2728124466781454
wine,f1,2,lorentzian,0.5603540595207261,0.0415213439340983,30,163.68746800688726,1.4544630727402072e-24,True,0.2728124466781454
wine,f1,3,rational_quadratic,0.5570604395604395,0.050182581183693876,30,163.68746800688726,1.4544630727402072e-24,True,0.2728124466781454
wine,f1,4,attention,0.5556464214797547,0.04297886344617302,30,163.68746800688726,1.4544630727402072e-24,True,0.2728124466781454
wine,f1,5,harmonic,0.5556464214797547,0.04297886344617302,30,163.68746800688726,1.4544630727402072e-24,True,0.2728124466781454
wine,f1,6,sigmoidal,0.5556464214797547,0.04297886344617302,30,163.68746800688726,1.4544630727402072e-24,True,0.2728124466781454
wine,f1,7,cauchy,0.5418783068783067,0.05766805291888195,30,163.68746800688726,1.4544630727402072e-24,True,0.2728124466781454
wine,f1,8,inverse_multiquadratic,0.5418783068783067,0.05766805291888195,30,163.68746800688726,1.4544630727402072e-24,True,0.2728124466781454
wine,f1,9,logarithmic,0.5418783068783067,0.05766805291888195,30,163.68746800688726,1.4544630727402072e-24,True,0.2728124466781454
wine,f1,10,student_t,0.5418783068783067,0.05766805291888195,30,163.68746800688726,1.4544630727402072e-24,True,0.2728124466781454
wine,f1,11,multiquadratic,0.541355989689323,0.05728929103767016,30,163.68746800688726,1.4544630727402072e-24,True,0.2728124466781454
wine,f1,12,shepard,0.537169682169682,0.059366960468769006,30,163.68746800688726,1.4544630727402072e-24,True,0.2728124466781454
wine,f1,13,laplacian,0.5354908054908055,0.06263045601203276,30,163.68746800688726,1.4544630727402072e-24,True,0.2728124466781454
wine,f1,14,softmax_radial,0.5354908054908055,0.06263045601203276,30,163.68746800688726,1.4544630727402072e-24,True,0.2728124466781454
wine,f1,15,entropic,0.5324102749102749,0.06556749001270233,30,163.68746800688726,1.4544630727402072e-24,True,0.2728124466781454
wine,f1,16,radial,0.5324102749102749,0.06556749001270233,30,163.68746800688726,1.4544630727402072e-24,True,0.2728124466781454
wine,f1,17,rbf_gaussian,0.5324102749102749,0.06556749001270233,30,163.68746800688726,1.4544630727402072e-24,True,0.2728124466781454
wine,f1,18,cosine,0.49724873891540555,0.06738231107441854,30,163.68746800688726,1.4544630727402072e-24,True,0.2728124466781454
wine,f1,19,cubic_spline,0.49724873891540555,0.06738231107441854,30,163.68746800688726,1.4544630727402072e-24,True,0.2728124466781454
wine,f1,20,quartic_spline,0.49724873891540555,0.06738231107441854,30,163.68746800688726,1.4544630727402072e-24,True,0.2728124466781454
wine,f1,21,wendland_c2,0.49724873891540555,0.06738231107441854,30,163.68746800688726,1.4544630727402072e-24,True,0.2728124466781454
